epoch,loss,step
0,0.9942380785942078,49
0,0.9998511672019958,99
0,1.0050554275512695,149
0,0.9957991242408752,199
0,1.0026429891586304,249
0,0.997772216796875,299
0,1.0016335248947144,349
