epoch,loss,step
0,1.0042610168457031,49
0,1.0000661611557007,99
0,0.9980231523513794,149
0,1.000468373298645,199
